deevyeeish535_,905357c7-611e-3e22-9fb6-e10dabf7ddd7
niggerlover47hfj,98511b75-4b27-36ae-91f4-9099e1f4b8d5
yeeishyeer828,346aeb01-dabd-3710-9e3d-91a62ff5956e
gigaballs,761ea0cf-42f6-393f-a115-b782ab037978
eaglyeeg831,19ebabc5-526d-3327-b077-0e09a930cedd
donutello,67286287-4500-3771-82fd-c663eb5cbc4f
ted_gay_asf,3d78d3bb-4dce-3ec8-8793-cfc198453a43
striking_whim454,e3104d7f-ef30-3823-96b6-7db9c1270fd5
jazzynextdoor,e6de34e9-dc78-3f60-93e6-47ca588bc454
walter_h_w,0d675bd0-6db3-33b5-a907-f2dc70a727b9
awawawawawawawa,a5df6ebc-4f35-3210-96dd-24d1bb9eca63
obrestamine,22fa258a-e0c7-3446-849c-3457d7f6c74e
jappaflappa,71d2e425-ca51-3e77-a807-e2fa2eb24bf5
yeevidgg412,556ac48f-7631-3727-bdd5-b3cb4f745d16
untoasty,bbd167d0-f6d8-3b76-b91b-add4d10132d5
vooleagl786,5ef3bcc7-fd8e-37f2-b16f-f43ac02b0563
yeegeagler780,a9edec33-0f6d-38e3-9690-d8939aca7d78
goofy_ahh,635bd72f-ee59-3781-ba71-84948b2046b9
ttv_dexify,64685b2e-49b9-348b-8ba2-5c48b63a7746
moelester,a9401e28-3716-3684-b878-8a2fd0a2a180
violadordegordas,e446818d-a28f-3291-a8ed-5d53aff16b79
jaz,25ba74f1-8d70-3f85-9428-cb322f83dd8b
adolf_hitler,eb92575c-5878-3395-bdb8-645456de28aa
darveryee175,4791ef67-76ba-317d-a6e2-b7dcca8d617f
niggerkkiller,6aa96ddf-c1d5-3d0f-aeee-a82d81a35c30
codingkitten_,bb17608c-a13f-3eb1-8ffc-dfaeb1e8750b
bojangles_dude_7,422e1dfb-e6e0-38d1-8172-f71005fb4890
newaccountalt,1c8a5344-63d4-3cb0-a60d-e6abc60e8837
orionr,d8f637bd-9bd1-34ae-b490-4b61561d3e21
pooh,5e752e51-80b5-3446-a800-86bfe84e720b
yeeishdarvler579,21c94c90-763d-3562-adc9-46b0e83d9b50
yiggyee718,07fefbd4-16a3-3be3-9607-24f2d87f1470
meowtain,b40cba7b-c9db-3a58-a394-d2a165812deb
eagldarvler974,d0ec96d7-4ede-3d01-8baa-9f031682faba
alex,36532b5e-c442-3dbb-a24c-c7e55d0f979a
yeevigg883,38d5059d-4414-37a8-961b-1d1d8a8f0c51
big_black_guy,d0b0c1c1-d949-3dcb-b2b0-da21aff28a49
deez_nutty_nuts,9f62b3fe-49b6-3850-bb4b-ed7f13d30635
big_randy,ddafc814-83e7-3b91-b6e7-c4723f4fb381
eaglervigg209,76c56b1c-bef8-30de-8a9b-b328ff899d7a
yiggyee159,7a319e0e-024b-3f12-930c-b5d2cdba6c71
notch,b50ad385-829d-3141-a216-7e7d7539ba7f
yiggyeeg458,56e08ecd-0447-3c56-a259-9766b88d5a17
daddyishome,96b8462e-e9ee-3d36-ba6f-957edf7e749c
ich_brauch_hilfe,45ecbaa2-2753-337e-8442-aee57a124953
creeper,adf0e049-b3dc-38f6-8373-692309fbbf0b
voolyeeish125,f8604515-cd97-3e43-b74d-fe7e4cfe1fc8
specky_bald_oran,34a4f782-2b69-3a42-bc3e-e8553c1e4228
zachywacky,8221108a-623c-3870-8323-0f476b4d8cef
yeeisheagl492,7ee7c47e-66d0-36e2-b6bd-ae9644a79424
tamade01,4cf82396-1487-36d8-be36-fb13b0f8d11a
865_belcher,00a1cd69-31fd-3190-ae31-5f4c6b54c9e3
pop,5f9a7532-f34c-3dfb-960e-d6378f88705a
yeevigg792,efb0fd12-9e0f-3ea3-aa4b-64566de512d0
littlemonster,c6ffbdea-99c8-3e86-85d1-d5853dfcd8bf
migga,c925f4a1-b9ca-3a88-9c1a-0ecaa8027dd3
maseface,e1b09f69-a8f4-32c9-8fa5-d0bfc48116f9
reeeeehaha,7762155d-45b2-3138-b280-d6d4748345f4
never2,b5f65b7b-ffbd-3d30-9fff-2439ad8fe9ef
theos_mums_leng,44f11abe-e504-3f09-865e-beaaa44cce09
nigger,1b416b04-52f4-3c94-a7a8-3bf69dc45e04
niggerlover47kkk,e76974e4-22e1-3c6c-8c6e-0682d38d0f4b
deserb,e8b54751-6324-3b0f-a0a2-86340c93f18f
josh,892a570c-8b14-362c-a608-a40317016c23
voolyeeler238_,63b07aca-56c5-3df3-9956-f7cfb0f93598
yeegyee896,98b3cf04-d8dd-3fff-82a4-76be25c75c38
eagleryeeler105,d69e0470-6493-3631-9832-135d8b265fc6
grim989,df037258-b0d0-3e09-843d-8958e5bc168f
suiballs,ae9099ea-2e42-3925-b1a3-e5c7e15c1913
yeeleryeeish297,0a1add3a-e741-373f-ab2f-7365010c3dd8
gigganigga,099fe2a2-c32d-3273-a53b-1dcada2a3257
smelly_feet,023ecea2-3787-34b0-baf0-e5ea347a9e1e
jamal69420,4728d1b9-2c5c-31b4-a011-f89cb40b570d
___,3aa10d45-6372-352e-b9af-2eba497ed912
newaccount,bb8e2675-fac5-38eb-be63-064cbc1483f1
thegoat,9e36c25f-de2e-38f6-8866-0bce0cad6377
viggvool498,be0ec701-783f-3017-ac4e-f9cbd5039000
yeevool507,02fa27aa-9429-31d2-b171-e95e922d7da9
bootymucher,82b07e1e-29da-314a-be8d-bfa3647946e0
figgernag,1c4fe86b-3bc6-36f0-bac2-fd7d6910077c
viggyeeish717,8ab72677-da6d-3247-bd58-504fef234cde
ssssoccer_savage,2307828f-740e-3f8f-baf7-05665a1963f2
yeegyeeler359_n,24323a5e-eaf7-3469-b2d9-6bdde1c56580
gilzzy,0ae071e7-f177-34f7-b2a9-fd9df39247d2
dumamai,dfb6790e-13cd-3c7a-9982-954aa37e658d
lendoggydawg,38eb303e-56d2-3805-af8b-14929299edc3
poopy_fart_,23b7fb90-a6f8-37a7-b758-aa65a2f984bb
yeegyeer572,ca73db90-4f47-3255-941a-ecb5de59ea63
yeeyeeish495,9a463971-f72a-3649-b2f3-1bdc1731fa45
shlagger,0b3da928-9c07-35ca-aac7-19f9271af2a1
tushuevos69,8677c6af-d018-3ab7-ad1d-d1290f06bce1
pixlschatten,faf1eb17-c47c-3c5b-becd-3aa661280ce5
how_good_is_it_s,c16275a8-f1b4-3bc2-a8a0-47c29a31319f
wolf_god,039ce659-42bb-3f42-b3cb-4a8955195272
thebeetleyo,40e60747-6edd-39b8-8dad-5c386f000c0d
fnxlemer,3dfda095-16c2-3955-b5fc-968893356baa
jackie_jan,f9178431-8794-39a5-8ac1-13bcf277aba5
voolvigg255,5dde4351-e5b7-35fc-aaac-eeb3c974b2f6
eagldarver405,76a458b2-aed5-3dd5-8640-596c71377168
swizzgod,99e0a0b9-4a3b-34dc-9448-7a158536f96d
erik,d832c345-0125-3d30-ad79-b090976b89e1
yeegyee354,f3b2b79d-6724-320a-b641-bce020ddf67b
iloveblackpeople,0d8049bb-75b8-3fbd-b5d6-7ce2efbfe848
harvey_pannel,69732892-a39a-36a3-a272-d61f0cbb6fba
kdotkeepkilling,01d20b53-6153-33a6-9f04-65ebad01a790
moe_____lester,08f9705d-39f8-3722-898a-0107e4077bc8
yeegvigg835,e684d766-3571-3896-ab74-bbf2c5bf2c31
yeeishvigg262,500fa309-4ba6-36dd-9e61-75296c0829cd
jshiesty__,b043c62f-94cb-3a65-8da9-914264872aa3
yiggyeeler892,95eeb920-74f2-3584-9387-5333a2568e55
danny,ddcda591-f59a-39fa-ae6e-6744024d2256
darvervool727,2c2cf8b6-8c0a-3d3d-82a5-34dc5e1bf388
revise,f5df65da-48fe-3618-8c7c-8c63d66eff35
solentenm,458db9b8-8d44-37a8-a429-fe77542a861a
voolyeeish914d,23c35d10-4dd0-3549-a3e4-95cd592c7928
babybigbelly,9f243649-79c5-3d05-ab8b-160e323ee2db
eaglereagl795,5c91fe59-5b2b-364e-964c-0a40027214c7
yurrrr,d051ec8b-550f-323d-aec6-560abac5fa5f
darvleryeer276,871b00ae-e5f6-3676-b5cd-d3035384ceda
jappaman,edd157d9-d266-30ae-81a1-8fd506dc25cd
eaglyee176,a2f38ae0-1ec8-37b5-92e9-2fc6ffb4b942
niggerlover47,9acfe8fa-3a36-3565-b1a3-065237f8d2fd
yeegyeeish413,0f6a22f7-41da-307c-84f3-5d15e46ba7fe
yeegyeeish654,13bd8e77-317e-3102-82a6-0b8ce5a3f362
billy,ca442f1a-3620-36c6-b4ad-ef137e19db0e
herobrinne,34660ff0-bcda-3f1c-a1d4-d39662c00274
yeeleryigg241,70cc37e4-096c-3f3f-a2bc-a6089bcfb5d5
dexter,e161549c-604a-32c8-aff7-bb1dd4220f74
yeeryee591,179c3b61-d3f3-389f-8bef-07d1dadee6fa
voolyeeler559,bf08e8dd-a39f-30b9-a674-838744ecfbe0
luisisto_on_tt,e122452f-76b9-3716-8659-6c038d6ea17e
chivi_tuchachofa,85be3b5f-96fd-3823-8175-39a87939d956
theos_nan,7abc89c2-b8e9-3e35-9f53-e133937f15aa
yuh,2a1e520b-142a-3fc8-a6c1-f77b8d4ad856
hitler,31f1406e-022b-3a05-95c6-cfb1a782df80
deadhand,15c7d14b-c458-346c-88e2-a6870f9173b9
yeeleryeeish785,f0b64f38-4984-3544-87c4-58862aa97a31
vcm98,51a13524-0f79-39b3-b6de-a3209b643a32
sayori,edadf546-3f8e-36a4-b145-99c027325459
mr_dikinbaus,3c2d247c-2c91-31d1-9cd1-89939e0d63b5
viggdarver949,064a66e5-ad51-3365-bb70-d079edaa90e3
jayden,80029845-084b-3d2d-85df-c5b9e04dd361
viggyeeish182,7b6c5d66-75ab-3b90-be6a-f9c4886c77a9
eaglyeeish463,6bdaf6f0-7372-3848-bb64-f276b6bd1c86
ifillsxlips,65ab4cf4-0912-3f29-82ad-aa4403df4609
deevyeer422,59539d55-a501-3f34-9d04-49d1202dec42
deevyeer664,009c908b-3aed-3302-a2b3-111fd1c70c12
rodman,f7582fea-6911-380b-8315-926e57c42432
randomjesse,131352f1-d3f3-35ab-bc6f-27b184e17980
nippletwister472,e090b102-c3ad-3134-bbaa-c3d149ff8540
x2king,119590a7-7ff5-3c16-a920-34f1cc576c73
bigolballs,4fcf746d-e732-3098-b75a-934548b2aeef
yeeeze,8d259413-673b-3f49-b5cb-1e2eb0f280be
how_good_is_it_,7f731d29-d6a6-3cf5-971e-5ea705bbeb23
stone,1e5c53ef-af12-315c-97da-904d04acf234
cracker,5705dbc1-5097-3471-abcc-5681150cb182
deevyee402,b04fec79-d18b-3abe-ad98-ddfd740dcb30
trnt520,162887a4-3e00-3b5d-b9de-637fd7e7ea99
viggdarvler817,d2c211ad-66a7-3022-96ce-572f8af487cf
darveryeer954,8ce0e348-51d6-32b3-ae64-5a9b2b474f86
how_good_is_itmm,70335799-2abc-3960-a70b-40f02149ce59
that_vr_kid,e6f72de6-5ba8-3db3-bceb-83d3e27b6eac
herobrine,25966168-dc9c-360c-8f32-ed022bfa1070
randomdude,18b7949c-8623-33ae-b537-2e46cdb24590
hi_bled,2000449f-3167-3125-b0c4-18c574c3d2da
kockaweewee,07f7f259-b9e5-3e00-a5bd-3987bddb8ceb
mclovin,a93d2215-4f9f-3ec4-8917-90dd17fb800e
yeevigg623,a0013420-5638-3105-b92e-4c7703969022
dasukin__22,f36a06b4-9167-3168-b3a7-4771b42934c2
eaglyeeler635,d978ee91-7b01-31f8-af0e-fd51d44f3a40
eaglyeeler870,12c88fe8-87dc-37ce-bc86-0bf3582d9fe8
voolyeeish628,a972ea8b-47bc-3d28-aa34-846775f8a5e5
mxrsph0bic,16180c06-462c-3fc5-9c06-5c79ab43c26a
yeetgod,8ef84f40-93ae-3c9a-85aa-075bd9333657
lord_head_ass,3864a9d6-f2d3-3d31-bc9e-3422c51ae2e3
yeeishyeeler20,764cc60d-64fd-32d8-aae2-61456f286891
yeedarver400,e94289be-5620-3cb8-871e-6331cc3db0ba
yeeishyigg866,f22ce910-8c1a-398f-aa3b-56ec218bcfba
orion,750d1532-4993-3eff-b037-e87012a15d7a
gramm,4ab707e1-620d-3e58-b58d-ffd237f356e4
nicolas,a2750c86-fae5-39fb-9c12-19025eba850a
yiggyeeg602,3900158c-2f90-34bc-af57-101e672358e0
yiggeagl834,0856df76-8ec0-3259-aac3-7d9c4ab62f34
thatguy,7ba33500-d9f6-3987-ba69-ce43fbce6b3d
yeeryeeler894,119aa580-7146-30d8-8612-691571ee3b2c
jj_,4e1b95c3-c5da-315b-a1b6-7591457ffc13
bobster,62a04296-395a-352f-b9f3-bcf44e1b5e76
perma,927c3ee9-7c1c-3d46-841e-3454422d0819
blookledoorb,0c7f882a-47be-3ded-9291-75a95c6aa621
darvleryeeg367,a88f63ec-8a2e-3b8b-9950-eeb14e131a7e
burymacokinher,57d98caf-40cc-3e6a-b3d0-17f5f6b27d8e
johamad,3593e51e-3a7a-3541-899b-3587b9feb2dd
vigb____gyee314,f6c95d0f-58ed-392b-ad55-22c7bb414558
mk_editz,4f3131b8-2cb5-367b-8d24-b89c7fc5af28
voolyeeg263,76398059-0965-3ef5-987d-423ef6942c5f
yeelerdarvler690,1de9e106-fc37-3ef3-ab3f-ffc69d2b96a7
maximum_capacity,29346215-a9d7-3780-ba88-1a79435e5364
belcher,0b6302d9-e967-3616-9075-e9a76abe5607
wombert,8b51399c-9e38-3fea-ae07-971e5eb339ad
yeeishvigg134,1556780e-9162-3473-b269-e9f8a010ff0e
zedkay,82c82c59-fe5f-3182-9138-a15dd844076a
deevvigg580,799bd05c-48b2-34e7-abb6-88b9e4df8230
dannygg,37b25bdb-d12f-32d6-a545-0d0add5405aa
notnotch,a83659fc-68af-3f74-8843-ee7fb3a27c7f
solenten,a1e11eb0-e7f2-3dea-b059-4ad27a05dacf
darvereagl561,1c1aecc3-5db7-36b3-889b-f39181c8c777
viggyeeish144,edc888c7-c640-38fe-ba4f-fb6024cc5973
mister_meebler,8188ed98-2535-33dd-b981-6ef24b5769d1
19ms99999,953ddc81-015c-3d43-8203-93263666435e
bigdrandy,19bdaaa9-76fd-31b3-b4ec-deb056d2a305
yeereagler622,14b8f500-7177-3486-8834-7671e16c6a46
yeeishyeeler401,adf9e38d-4205-3fd9-8f9e-25c0ac3d5fdf
clitbsdgn_hzache,1957fead-d61e-3b29-8b57-c7bbbc490bea
yeeishyeer338,2a3835a5-9e90-3bad-94c0-94e9011ff9cf
yeeishyeeler510,84851fa7-3157-3cd3-a830-2e0b33154840
yeeyee445,0a05adc5-a4c6-3c93-a921-e6f920deea8d
beaterman,b1a8428b-20e5-3e58-bcc1-d849c2aa5354
bootyfarts,be1d1deb-87c4-37a8-be2a-bf0691a8ca83
sonic36172,6575a1e6-b5dd-3140-a378-61137e3e91fc
viggdeev481,6d1dba1e-cb6d-3c6f-8b90-de696bae79c3
yeegdarver564_,fd1fc9bc-0d78-37b0-8775-b7a0d4ab33b9
darveryeeish529,cdcd18a2-02d6-324b-af26-9c254c953020
yeeryeer386,d2a40aca-b93c-3183-a3bb-eddabbf28d5f
jiz_wrld,9e85f042-9e2d-3eab-b1fb-47e43e6f58d3
eaglyeer586,f1810a96-20f7-3399-aed9-c0917cd28c6a
walter_white09,7422deec-6e8f-3168-a2b3-2c26268fdb8f
miguelangelo,d00366b0-c776-36da-a24c-9e23dc241ca7
trump_sucks_,13d3c63d-7449-3a65-bf7c-18c1c6db0a90
yessir_alex15,df26d43c-a510-3262-82a2-8b5bb6745815
zachywackye,0a650089-babd-377b-ab89-5b8e4a45c997
justkirbyand8,21b03132-7bf1-3808-9e66-f53c5d6db0f9
pablo,46e2f2fd-0fc6-3a76-aa42-3d7b640d954a
ihategaysxilaus,767a7fe0-b26a-3a94-9a0e-49651751a430
bomboclat,e5390e46-12d7-39ea-8a46-6e49f24c4875
yeeishdarvler489,044966b1-8736-32fd-920a-77e9741ce07a
coochgobbler,83ad0c80-8d34-3472-a33a-f0ae0e551843
eaglyee591,a38d69a4-fb56-379e-b337-968f350bddeb
yippe,ae044588-e6d0-398b-96f5-c0638c01c56c
darvlerdarver220,f7f7b321-06a4-38bd-91da-337c79169b2a
the_batman,52b0c5af-ebfc-3f04-9086-24836dc9bbba
zachywackys,76653c7d-ab61-3cad-b309-c06eefe605d8
yeegeagler587,ce35c05f-2a4d-3b53-ad52-e17b709cfb88
darveryeeg477,4859783d-5bf8-3a65-9b74-a15cd39e33a3
vux,8ba16296-80c2-3b3b-9930-3f98b5cce67e
yeeryigg389,89cb3857-5d42-3ff4-b877-152ae2c05d7e
joshualol2,be9dd1f4-8a9a-3795-876c-e4f825667dee
viggdarver406,a7fbf12a-46af-3995-88bf-19ba138f97c4
yeeishyeeish127,f68dc6b0-20dc-3989-9b50-db27adc41fc3
billy_gay,e18b26d5-df69-3673-be40-b80c6772f10a
r_2,a0adb08b-2bde-3de0-9894-a89f4d377350
yeeishdarvler141,b746de5c-450f-39ea-8869-56e68e83663a
bob,faa5dca3-c3d4-354b-ae1b-dde9e5a14b3b
deevyee142,701a502e-3937-3789-90b9-7bce434d42dd
pabloo,fab59a8a-66fa-38f3-a967-34685b40305b
yeeleryigg663,a561f25d-97cf-3636-b8bd-572c6e34d928
pluh,a5ec7d5b-34f5-346a-9b96-8e1345eb8e70
yeegdarver939,fef6eb08-e13f-3472-9889-e0e6e19426e8
ilovebunnies5882,a01955b8-0464-3304-9a26-1c441aaf8faa
yeelerdarver591,c691de93-d68e-3f75-ba1e-608d136a561e
me_,e950c195-fb80-3a6c-aeb7-ad9ca7cd2cb9
bustercherry,ee35636c-e192-3ccf-beab-0f53b1680434
yeeishyee359,09c73bb2-a22a-30fa-964e-fda75cf80abb
yeeyee935,a191dcf7-0f50-35ce-ab7d-d61f395bd0d5
yeegdarver370,e8c86ec1-0c40-3b29-96fe-b029b7ce5a7a
deevdarvler680,c355c799-81e7-3c02-b0bd-b779e60d0170
child_moe_lester,b1480909-fd98-3af6-bc96-5aad8a2b5ffb
darverdeev523,2b9bd705-f100-326b-aadb-0e6a5966ecae
yiggeagler909nn_,9775d6b9-5831-3f73-b243-352334c95684
i_hate,e7ef7f95-da04-309d-9e7b-a4064e20bb7e
nigga,3c9f8cc5-a5a1-3cbb-8ca8-a1caaf2635a7
yeeishyeeler206,a44617cc-4a22-342a-93b4-b220acedd4e0
yeegdarvler761,fb617712-ec48-3580-b86d-45946937e05b
yeegyeeish141,ccf550c7-6ef1-3504-af72-1d55bf5329bf
coxgobbler,9564e590-7eeb-3a7b-9c44-0a55e56baa1c
david,8030b484-93cb-3e44-a5c9-97b5258ad3b1
gorilla,341788e9-ab90-33fd-8565-e45a66cca763
jewers,f1c52d73-3c11-3f89-8788-9cc25bcee94d
realturtle,d03fdb0b-c201-3438-9aa6-205b344bd58d
viggyeeg353,853ee025-0375-39c2-8416-b7ba968e649f
viggeagler532,eca406db-f1e9-3625-a83a-baa0a07a069c
dev_erik,4f4ff304-8a9b-318b-bf13-3d36a7deec26
faggotedd,eae556bd-8996-3002-a48a-a88e0f344b14
toad,ba18ef74-92ad-35a4-8d79-80cd8f71d38b
____,623ec6ac-d56e-3c6f-b05a-671288517d3a
teller09,4f850376-98bd-35bf-ab47-cc65981c9732
faggotpants,7e80b6c7-1df7-3c33-b7c3-d1e03dbf8de0
jack,fbcd7556-7c16-3a58-911f-bfebf971c7da
eagldarver499,0bdc7053-dcf4-3110-ad46-58e8a9430bd9
daddy,7afb8e15-1bb8-3b52-b402-5494035dc3af
danielisg_y,0e23a5a7-9bed-37e6-a4e9-a0f9cb56c330
ineedhelp,da7264b7-b25e-32de-8488-87f1772928af
yeeishdarvler283,f169d605-bf82-346e-b62b-3aa29a3ce270
black_jt,957a39a0-1cc6-311a-8cdf-225dfdb21741
ironduke,1ae6253b-b72e-3e0e-a6a6-aa9eaff89f17
cameron_walter_l,83b51d24-0117-3dd6-9de3-763a97b1fd56
xilaus,1701560f-bcc1-3882-bc18-cfffa5199b8c
